review,sentiment,score
"Her defasÄ±nda bu mamadan sipariÅŸ ediyoruz ilk defa sizden sipariÅŸ edelim dedik paketleri 1er kiloluk gÃ¶rÃ¼nce Ã§ok mutlu olduk gÃ¼zel dÃ¼ÅŸÃ¼nÃ¼lmÃ¼ÅŸ Ã§ok teÅŸekkÃ¼r ederiz , mamalar artÄ±k daha taze kalacak â¤ï¸",positive,0.938075840473175
Ã‡ok hÄ±zlÄ± kargolama oldu teÅŸekkÃ¼rler. 15 tane 1er kilo garip bir ÅŸekilde hoÅŸuma gitti. KullanÄ±m aÃ§Ä±sÄ±ndan daha kolay olabilir gibime geldi. Ä°nÅŸallah severek yerler.,positive,0.8981517553329468
12 kg olan Ã¼rÃ¼n 1 kg olarak geldi teÅŸekkÃ¼r ederimAynÄ± ÅŸekilde gelmesini bekliyorum,neutral,0.5015605092048645
"2 yÄ±l aralÄ±ksÄ±z bu mamayÄ± kullaniyordum hep 2 kglik olanÄ±nÄ± sipariÅŸ veriyordum bu kez 12 kg verdim. Ilk dikkatimi Ã§eken ÅŸey kokusu,rengi ve ÅŸekli oldu. Hepsi farklÄ±ydÄ± ve kedim baÅŸta Ã§ok istekli yemedi yaklaÅŸÄ±k 1 ay oldu yiyor ve su gibi ishaldi probiyotiklerle bi tÄ±k katislasti ama ishal hÃ¢lÃ¢. 2 kglik olanÄ± sipariÅŸ geÃ§eyim dedim ama firma deÄŸiÅŸmiÅŸ sanÄ±rÄ±m ve iÃ§erikte Ã¶yle. O yÃ¼zden felicia maceramÄ±z bu sebeple sonlanmaktadir.",neutral,0.6353540420532227
Patili dostumuzun en sevdiÄŸi mama ğŸ‘ŒğŸ‘ŒğŸ‘Œ,positive,0.9082744717597961
Ã‡ok teÅŸekkÃ¼r ediyorum birer kiloluk gelmesi Ã§ok kullanÄ±ÅŸlÄ± oldu Ã§ok memnun kaldÄ±m,positive,0.8899832963943481
Tarihinde ve paketlemesinde sorun yok rahatlÄ±kla alabilirsiniz.,positive,0.9182575941085815
Kedilerim severek yiyiyorlar,neutral,0.5133358240127563
ÃœrÃ¼nde sorun yok kargoda sorun yaÅŸadÄ±m Amazon mÃ¼ÅŸteri temsilcisi Banu hanÄ±mÄ±n sayesinde sorun Ã§Ã¶zÃ¼ldÃ¼ Ã§ok teÅŸekkÃ¼r ediyorum Banu hanÄ±m saygÄ±lar,positive,0.5970269441604614
sokak kedilerine bakÄ±yorum bi kaÃ§ marka denedim hiÃ§ yemediler deÄŸil ama buna bayÄ±ldÄ±lar. aklÄ±nda soru iÅŸareti olan hayvansever dostlar iÃ§in yazÄ±yorum,neutral,0.7024240493774414
DÄ±ÅŸardaki canlarÄ±m Ã§ok severek yiyor arada evdeki beÅŸ kedimede veriyorum,positive,0.7955217361450195
"Son kullanma tarihi 2026'nÄ±n 10. ayÄ±naydÄ± ve bence gayet uygun. Ama paketin olduÄŸu gibi, hiÃ§bir koruma olmadan gÃ¶nderilmesine epey ÅŸaÅŸÄ±rdÄ±m, her ne kadar sÄ±kÄ±ntÄ± olmasa da. ArÄ±ca bir kere aÃ§tÄ±ÄŸÄ±nÄ±zda bir daha kapatamÄ±yorsunuz paketi yani ayrÄ± kaplara bÃ¶lÃ¼ÅŸtÃ¼rmek zorundasÄ±nÄ±z. MamanÄ±n boyutu bana biraz bÃ¼yÃ¼k geldi, yetiÅŸkin kediler yemekte sorun yaÅŸamadÄ± ama yavru kediler yiyebilir mi emin deÄŸilim. AyrÄ±ca verdiÄŸim her kedi yedi, tadÄ±nda sorun yok gibi gÃ¶rÃ¼nÃ¼yor.",neutral,0.7932605147361755
Gayet gÃ¼zel,neutral,0.7193214893341064
Kediler yiyor kargo zamanÄ±nda geldi,neutral,0.5727266669273376
"Ã‡ok gÃ¼zel, kedilerimiz severek yiyor",positive,0.8286848068237305
Ä°Ã§erik Ã§ok saÄŸlÄ±klÄ± olamasa da bahÃ§edeki canlarÄ±ma ara ara alÄ±yorum.,neutral,0.8159321546554565
Evin her yerinde kum gÃ¶rmek istemiyorsanÄ±z oldukÃ§a iyi bir Ã¼rÃ¼n. RahatsÄ±z edici kokusu yok.,positive,0.9037629961967468
iyi paketleme tÅŸk.ler,positive,0.5257741808891296
Daha ince kedim iÃ§in proline pudra kokulu kullanÄ±yordum yorumlara gÃ¼venerek bu Ã¼rÃ¼nden sipariÅŸ verdim iyiki de sipariÅŸ verdim kesinlikle koku yok tavsiye ederim piÅŸman olmazsiniz,positive,0.9433942437171936
ÃœrÃ¼n saÄŸlam geldi everclean ile karÄ±ÅŸtÄ±rÄ±yordum Ã§ok kedi olduÄŸundan ancak eski kalitesi yok son alÄ±ÅŸÄ±m baÅŸka markaya (proline) geÃ§eceÄŸim,neutral,0.48113617300987244
"Ben burunu uzun suredir bilirim ve zaman zaman kullanmisimdir. Makul bir maliyetle temin edebildigim bir sefer daha fazla sayida aldim, ve bir kac aydir kullaniyoruz. Gri olmaszamqn zaman etrafa gri camurlar seklinde sacilmasini sevmedigimi fark ettim. Bi de gec kuruyor. Bugun beyaz bentoit aldim kedisler onubde kuyruga girdi. Ve daha topaklandigini kurudugu fark ettim. Piyasada oerformansi yuksek daha guzel urunler aybi fiyata varmis!",positive,0.8563239574432373
"Åimdiye kadar kullandÄ±ÄŸÄ±m en gÃ¼zel kum, tavsiye ederim",positive,0.9639384746551514
"AÅŸÄ±rÄ± tozutuyor, Ã¶yle bÃ¶yle deÄŸil. Temizlerken bile ortalÄ±k toz duman oluyor, genzim yanmaya baÅŸlÄ±yor sonrasÄ±nda. KapalÄ± tuvalet varsa Ã¶zellikle, kediniz dÄ±ÅŸkÄ±sÄ±nÄ± kapatmaya Ã§alÄ±ÅŸÄ±rken nasÄ±l bir toza maruz kalÄ±yordur siz dÃ¼ÅŸÃ¼nÃ¼n artÄ±k. Everclean kullanÄ±yorduk hep, fiyatlarÄ± arÅŸa Ã§Ä±kÄ±nca alternatif arayÄ±ÅŸÄ±na girmiÅŸtik ve bu Ã¼rÃ¼nÃ¼n olumlu yorumlarÄ±nÄ± gÃ¶rÃ¼nce deneyelim demiÅŸtik. SanÄ±rÄ±m olumlu yorum yazanlar daha Ã¶nce Everclean kullanmamÄ±ÅŸ, kÃ¶tÃ¼nÃ¼n iyisi diyerek bunu alÄ±yor. Fakat tamamen zarar kedinize. Ä°ki paket almÄ±ÅŸtÄ±k ama bitmesini bekleyeceÄŸimizi sanmÄ±yorum.",negative,0.8584039211273193
Paketleme mÃ¼kemmel Ã¼rÃ¼n zamanÄ±nda geldi teÅŸekkÃ¼r ederim. Daha Ã¶nce kullandÄ±ÄŸÄ±m iÃ§in Ã¼rÃ¼nden memnunum.,positive,0.800987184047699
Cok tesekkurler,positive,0.5122230052947998
Son kullanma tarihi nedir gelecek mamanÄ±n ?,neutral,0.8714943528175354
Kaliteli sorunsuz geldi,neutral,0.5417045950889587
Sorun yaÅŸanmadan elime ulaÅŸtÄ±. FiyatÄ± uygun gÃ¶rÃ¼lÃ¼rse alÄ±nabilir.,positive,0.6972702145576477
"Malesef Ã¼rÃ¼n orjinal deÄŸil, mamanÄ±n ÅŸekli farklÄ± ve bir agÄ±r kokusu var, kÃ¶peÄŸim Ã¼st Ã¼ste kusunca farkettik ki mamanÄ±n ÅŸekli farklÄ±.",negative,0.9567181468009949
"Bizim pasa buna bayiliyor, sokal kopekleri icin de aliyorum onlar da affetmiyor.",neutral,0.5726944804191589
KÃ¶peÄŸimi kaybettim mamasÄ± Ã¶ylece kalakaldÄ±. Ama bu mamayÄ± Ã§ok severdi. Ä°Ã§im yanÄ±yor.,neutral,0.7099266052246094
SÃ¼rekli bu mamadan alÄ±yorum yeni paketinde geliÅŸtirilmiÅŸ Ã¼rÃ¼n olarak yazÄ±yor ama eski paketinde geldi,neutral,0.5850116014480591
I received the package opened!,negative,0.5925992727279663
Cela fait plusieurs annÃ©es que je fais confiances Ã  Pro Plan pour mes loulous...En Ã  plus Ã  un prix trÃ¨s compÃ©titif...,positive,0.9194802045822144
This product is amazing. It's the only food my husky can eat without getting an upset tummy! 5 stars!,positive,0.973361074924469
"I got this for my dog because he has a sensitive stomach and I wanted to try something at a lower price point than the more premium kibble I was using before. I guess you get what you pay for. My dog really didn't get excited about the taste, and his stools were really small and hard, as if he was dehydrated or something. At some point after eating this a few weeks, he started vomiting frequently as well. I can't say for sure that this vomiting was due to the food versus something random he might have accidentally eaten, but at the very least, HE associated it with the food and basically refused it eat it anymore. As soon as I switched to another food, he started eating happily again, and the vomiting went away. Again, it could be coincidence, but even just based on the effect this food had on his taste buds and his stools, I would avoid it.",negative,0.546149492263794
"AprÃ¨s avoir chercher des croquettes, afin que mon chien les digÃ¨re.Je me suis arrÃªtÃ© sur celle la. Super bonne digestion.",positive,0.779476523399353
Kedim bayÄ±lÄ±yor,positive,0.4880504906177521
"Kokusu Ã§ok gÃ¼zen ben beÄŸendim ama kedim sevmedi. SaÄŸlÄ±klÄ± atÄ±ÅŸtÄ±rmalÄ±klarÄ± sevmiyor, ucuzcu",neutral,0.7556471228599548
"AynÄ± Ã¼rÃ¼nÃ¼ Amazon'dan (satÄ±cÄ± olarak) Ã¼Ã§ kez sipariÅŸ ettim ve her zaman Amazon ambalajÄ±nda â€‹â€‹herhangi bir delik veya sorun olmadan geliyor. Son kullanÄ±m tarihi her zaman geÃ§ ve orijinal. Kedim bu GimCat atÄ±ÅŸtÄ±rmalÄ±klarÄ±na bayÄ±lÄ±yor. DiÅŸ versiyonunun diÅŸleri iÃ§in herhangi bir avantajÄ± olup olmadÄ±ÄŸÄ±ndan emin deÄŸilim, ancak bu tÃ¼rÃ¼n diÅŸleri iÃ§in daha az zararlÄ± olduÄŸunu varsayÄ±yorum.",positive,0.7884951829910278
"Malum diÅŸ ile ilgili Ã¶dÃ¼l mamalarÄ± sadece kedi mamayÄ± Ã§iÄŸniyorsa diÅŸteki tartarÄ± (biraz) temizlemede etkili. BÃ¼yÃ¼k kedim uzuuun boylu bir tam tekir, o genelde hiÃ§ Ã§iÄŸnemeden yutuyordu. 2 kÄ±z kardeÅŸ kedilerim de var, onlar daha minyon. Ã‡iÄŸniyor onlar, tadÄ±nÄ± seviyorlar da. Onlar iÃ§in tekrardan alacaÄŸÄ±m.",positive,0.6157339215278625
Benim kedim bu markanÄ±n tÃ¼m Ã¼rÃ¼nlerini zevkle yiyor. Tavsiye ederim.,positive,0.9443858861923218
BaÅŸka marka yemiyor gerÃ§ekten gimcat kaliteli,positive,0.827787458896637
orjinal ileri tarihli gÃ¶rseldeki ile birebir aynÄ± Ã¼rÃ¼n teÅŸekkÃ¼rler,positive,0.8259537816047668
Sokakta baktÄ±ÄŸÄ±m kedi iÃ§in aldÄ±m ama pek sevmedi,neutral,0.671054482460022
"I miei gatti lo apprezzano molto e hanno i gusti molto difficili. Ãˆ passato troppo poco tempo per notare miglioramenti o meno per la bocca, comunque sembra un prodotto discreto.",neutral,0.8367906808853149
Me han gustado y lo que es mejor al gato tambiÃ©n que es muy especial. Parece que si ayudan a limpiarle los dientes.,positive,0.7794703841209412
der Kater mag die Snacks besonders gern aml Belohnung,positive,0.7640299201011658
"Kam einwandfrei an, da jede TÃ¼te einzeln verpackt war ğŸ˜‚ ich kann es mir nicht erklÃ¤ren was schief gelaufen ist aber umweltfreundlich ist es definitiv nicht. Muss doch beim einpacken aufgefallen sein oder nicht?Zum Produkt: meine Katzen mÃ¶gen es auf Anhieb und es gut dass kein Zucker enthalten ist wie bei diversen Marken.",positive,0.8384081721305847
( Sapore ho messo 5 stelle... ma non li ho assaggiati ;) )Il gattone li divora,neutral,0.565037727355957
DehÅŸet BeÄŸendik kÄ±zÄ±m kedi Pakize ile ortalÄ±kta fÄ±ldÄ±r fÄ±ldÄ±r kaÃ§Ä±yor bu oyuncak Bizim kÄ±zÄ±mÄ±z da peÅŸinde emeÄŸinize saÄŸlÄ±k,positive,0.8878464102745056
"Maalesef birkaÃ§ saat iÃ§inde bozuldu. AyrÄ±ca kullandÄ±ÄŸÄ±m kadarÄ±yla gÃ¶rÃ¼ÅŸlerimi paylaÅŸÄ±yorum:- Parke ve fayansta Ã§ok ses Ã§Ä±kartÄ±yor, eÄŸer alt katta bir komÅŸunuz varsa sorun olabilir.- Ã‡ok gÃ¼rÃ¼ltÃ¼lÃ¼ Ã§alÄ±ÅŸtÄ±ÄŸÄ±ndan dolayÄ± kedim aÃ§Ä±kÃ§asÄ± korktu ve uzaktan takip etmekle yetindi.- Ä°Ã§inden Ã§Ä±kan ip, dÃ¶ner top mekanizmasÄ±na sÃ¼rekli sÄ±kÄ±ÅŸÄ±p cihazÄ±n Ã§alÄ±ÅŸmamasÄ±na neden oluyor.",negative,0.7888298034667969
Ã‡ok ses Ã§Ä±karÄ±yor ama hiÃ§ bir ÅŸeye takÄ±lmÄ±yor .,negative,0.6189813613891602
Kedilerim Ã§ok sevdi peÅŸinden ayrilmiyorlar.,positive,0.7384811639785767
"Ã‡ok gÃ¼zel ama o kadar kÃ¼Ã§Ã¼k ki, geldiÄŸi ilk anda bir yere girdi ve kayboldu. Neticede buldun ama yine kayÄ±p ve sessiz bir yerde duruyor hala. BulamÄ±yorumâ€¦.",negative,0.6672514081001282
"ÃœrÃ¼n Ã§ok gÃ¼zel. Kedilerim bayÄ±ldÄ±. 3 modu var hepsi ayrÄ± oynattÄ± kedilerimi. Ama 2 kullanÄ±ÅŸta (10 dk sonra otomatik kapanÄ±yor) ÅŸarjÄ± bitiyordu. Yine de kedilerim Ã§ok sevdiÄŸi iÃ§in ikincisini almayÄ± planlamÄ±ÅŸtÄ±m ki durduk yere bozuldu. Birden Ã§alÄ±ÅŸmamaya baÅŸladÄ±, ÅŸarj alÄ±yor ama baÅŸlamÄ±yor. SatÄ±cÄ± Ã¼rÃ¼nÃ¼n arkasÄ±nda durmuyor. Sonra yorumlara baktÄ±m herkesin baÅŸÄ±na aynÄ± ÅŸey gelmiÅŸ. Bi hafta sonra atmaya Ã§Ã¶p alÄ±yorsunuz, almayÄ±n",negative,0.568069338798523
"Kedi Ã§ok beÄŸendi. Lamine parkede biraz gÃ¼rÃ¼ltÃ¼ yapÄ±yor. Normal parke, seramik ve halÄ± Ã¼zerinde daha az ses Ã§Ä±karÄ±yor. AlmayÄ± dÃ¼ÅŸÃ¼nenlere tavsiye ederim.",positive,0.7267734408378601
"Yani gÃ¼zel dÃ¼ÅŸÃ¼nÃ¼lmÃ¼ÅŸ ama, kedi bu garip ÅŸey ne yapmaya Ã§alÄ±ÅŸÄ±yor diyip garip garip bakÄ±yor. Ã‡Ä±kardÄ±ÄŸÄ± gÃ¼rÃ¼ltÃ¼ cabasÄ±. Kedi zaten o kadar sesli biÅŸeye saldÄ±rmaz ki. Minik bir ses olur onu yakalar. Bu bÃ¼tÃ¼n evi ayaÄŸa kaldÄ±rÄ±yor. 2 dk dan fazla bende sese katlanamadÄ±m. Yani Ã§Ã¶p oldu",negative,0.8660310506820679
Ã–ncelikle kÃ¶tÃ¼ yorumlara aldanmayarak Ã¼rÃ¼nÃ¼ aldÄ±m. Ä°yiki de almÄ±ÅŸÄ±m. Ben kedim iÃ§in AkÄ±llÄ± otomatik kedi tuvaleti kullanÄ±yorum. Ve bu cihaza ilk kullandÄ±ÄŸÄ±m kedi kumu hem tozu hem de kokuyu hapsetmemesi Ã¼zerine (ki sÃ¶zde tozsuz kokusuz) sonrasÄ±nda en kaliteli kedi kumu olan Ever Clean aldÄ±m. Ve Ã¼rÃ¼nÃ¼ tercih etme sebebim kokusuz ve topaklanma Ã¶zelliÄŸi yanÄ± sÄ±ra hassas kediler iÃ§in vs vs patiye yapÄ±ÅŸmayan Ã¶zelliÄŸinin olmasÄ±ydÄ±. Ve bunlarÄ±n hiÃ§ birisiyle alakasÄ± olmadÄ±ÄŸÄ±nÄ± kullanÄ±nca fark ettim. Oda resmen kedi kakasÄ± kokmaya baÅŸladÄ± topaklanmasÄ± berbat. VerdiÄŸim para net Ã§Ã¶p oldu. Kedimin gezdiÄŸi heryerde kum vardÄ±. SonrasÄ±nda bu marka ile karÅŸÄ±laÅŸtÄ±m. Biraz araÅŸtÄ±rdÄ±m fiyat konusundada uygun olduÄŸu iÃ§in denemek istedim. Åuan cihazdaki topaklanmasÄ±nda hiÃ§ sorun yaÅŸamÄ±yorum ve kokuyu hapsetme Ã¶zelliÄŸi Ã§ok belirgin. Toz sÄ±fÄ±r. En Ã¶nemliside kedimin patisine Ã§ok fazla yapÄ±ÅŸmamasÄ± sonucu etrafta yok denecek kadar az kum olmasÄ±. Ben bu kadar olacaÄŸÄ±nÄ± beklemiyordum ama resmen beni Ã§ok bÃ¼yÃ¼k bir dertten kurtardÄ±. Bundan sonra alacaÄŸÄ±m kum artÄ±k belli. Ben aÅŸÄ±rÄ± memnun kaldÄ±m.ğŸ‘ğŸ¼Kesinlikle denemenizi tavsiye ediyorum.,neutral,0.47294139862060547
"Daha Ã¶nce Proline iri taneli pudra kokulu kum kullanÄ±yorduk. Amazon'un Ã¶nerisi ile bu kumu aldÄ±m. Daha kÃ¼Ã§Ã¼k taneli ama Ã§ok kaliteli. Toz yok denecek kadar, bizi hiÃ§ rahatsÄ±z etmedi. Kokuyu iyi hapsediyor, sÄ±vÄ±yÄ± da iyi emiyor, kaskatÄ± topaklanÄ±yor. TeÅŸekkÃ¼rler Lindocat",positive,0.9659273028373718
GerÃ§ekten on numara kum,positive,0.9582070112228394
Vasat idare eder tozlu bir kumdu,neutral,0.8700661659240723
koku yapmÄ±yor beÄŸendim,neutral,0.6481265425682068
Kokuyu hapsetmiyor. HergÃ¼n kumu elediÄŸimiz halde sÃ¼rekli koku oluyor,negative,0.7280045747756958
Ã¼rÃ¼n sapasaÄŸlam elime ulaÅŸtÄ±,positive,0.6065424680709839
ÃœrÃ¼nÃ¼ yanlÄ±ÅŸlÄ±kla aldÄ±m ama muazzam gerÃ§ekten. Bence fiyat performans Ã¼rÃ¼nÃ¼. Kum gÃ¼zel topaklanÄ±yor. TozumasÄ± doÄŸal olarak var tabi taneler gÃ¼zel ama Ã§ok ufalanmÄ±yor diÄŸerleri gibi.10 yÄ±llÄ±k kedi deneyimine gÃ¶re sÃ¶ylÃ¼yorum. Bence iyi Ã¼rÃ¼n fiyatÄ±na gÃ¶re.,positive,0.665034830570221
Zaten uzun zamandÄ±r kullandÄ±ÄŸÄ±mÄ±z kaliteli bir Ã¼rÃ¼n FiyatÄ± uygun oldukÃ§a almakta bÃ¼yÃ¼k fayda var.,positive,0.9511733651161194
"Veteriner hekimimizin tavsiye Ã¼zerine aldÄ±k. Gayet baÅŸarÄ±lÄ±, tavsiye ederim.",positive,0.8871697783470154
ilk kez tek bir kum tanesi dÃ¶kÃ¼lmeden geldi paketleme ve hÄ±zlÄ± kargo iÃ§in teÅŸekkÃ¼rler,positive,0.8647509217262268
"Koku hapsetme, topaklanma fiyatÄ±nÄ±n Ã¶tesinde baÅŸarÄ±lÄ±. Ama Ã§ok toz oluyor. Ã‡ocuk her Ã§Ä±ktÄ±ÄŸÄ±nda hapÅŸÄ±rÄ±yor. Bende kumu temizlerken hapÅŸÄ±rÄ±yorum. Scottish Fold kedim malum burunlarÄ± daha hassas. Memnunum ama toz olayÄ±ndan dolayÄ± sanÄ±rÄ±m deÄŸiÅŸtirme vaktim geldi.",neutral,0.823247492313385
ÃœrÃ¼n satÄ±cÄ± tarafÄ±ndan yanlÄ±ÅŸlÄ±kla farklÄ± gÃ¶nderildi fakat iade sÃ¼recinde irtibat ÅŸekli ve yardÄ±mÄ±yla Ã¼rÃ¼n doÄŸru ÅŸekilde teslim edildi.,neutral,0.8686512112617493
YanlÄ±ÅŸ Ã¼rÃ¼n gÃ¶nderilmiÅŸ. Sabun kokulu kumu kedim de ben de sevmiyorum. Siparislerde Ã¶zellikle dikkat ediyorum. Maalesef sabun kokulu kum gÃ¶nderilmiÅŸ. AmbalajÄ± aÃ§Ä±ldÄ±ÄŸÄ± ve uÄŸrasamayacaÄŸim iÃ§in iade etmedim.,negative,0.9530321359634399
"Kum, kalite olarak iyi,fakat taÅŸÄ±nma aÅŸamasÄ±ndan mÄ± kaynaklÄ± bilemiyorum, son iki sipariÅŸimde de paket patlamÄ±ÅŸ olarak geldi!",neutral,0.5715687274932861
"Kokuyu hapsediyor, topaklanma ise beton derecesinde ben Ã§ok memnun kaldÄ±m,teÅŸekkÃ¼rler",positive,0.8551163077354431
3 kg orjinal paketin yanÄ±nda tutmak iÃ§in ambalaj bulunuyor. bu Ã¼rÃ¼nde yoktu orjinal olmadÄ±ÄŸÄ±nÄ± dÃ¼ÅŸÃ¼nÃ¼yorum,negative,0.746499240398407
ÃœrÃ¼n o kadar hÄ±zlÄ± geldi ki teÅŸekkÃ¼rler Ã¼rÃ¼n iÃ§in diyecek biÅŸey yok zaten en iyisi,positive,0.9387222528457642
kÃ¼Ã§Ã¼k taneler gayte gÃ¼zel seviyorlar..,neutral,0.5263792872428894
Kedimizinde beÄŸenerek yediÄŸi ve veteriner hekim olan Ã§ocuklarÄ±mÄ±nda tavsiyesi .,positive,0.8539478182792664
Kedim severek yiyor kÄ±sÄ±r mamasÄ± olduÄŸu iÃ§in idrar yollarinida koruyor saÄŸlÄ±klÄ± mama tavsiye ederim teÅŸekkÃ¼r ederim,positive,0.8282398581504822
ÃœrÃ¼n Ã§ok gÃ¼zel fakat gÃ¶nderimi biraz sÄ±kÄ±ntÄ±lÄ± eskisi gibi karton kutuda gÃ¶nderilirse daha iyi olur ezilme riski olmaz mamanÄ±n.,neutral,0.7681781649589539
Her zaman aldÄ±ÄŸÄ±m mamayÄ± bu sefer evdeki kedilerim hiÃ§ beÄŸenmedi. 2 paket 3 kg'lÄ±k almÄ±ÅŸtÄ±m. Ä°kinci paketi de aÃ§Ä±p denemek istedim. Onu da yemediler. Sokakta baktÄ±ÄŸÄ±m kedilere koydum. KoklayÄ±p gittiler. Bu Ã¼rÃ¼nÃ¼n serisinde mi bir ÅŸey var? Ãœretim tarihi Åubat 2025 olmasÄ±na raÄŸmen eski Ã¼rÃ¼n dolumu mu yapÄ±lÄ±yor? OrjinalliÄŸinden ÅŸÃ¼pheye dÃ¼ÅŸtÃ¼m.,negative,0.9232985973358154
Orijinal Ã¼rÃ¼n kedimin yediÄŸi tek mama,positive,0.9435315728187561
Sono piccoli e li mangiano volentieri,neutral,0.5980717539787292
"YaklaÅŸÄ±k 5 6 aydÄ±r aktif karbon Ã¼rÃ¼nÃ¼nden kullanÄ±yoruz ve Ã§ok memnunuz. Koku hapsetmesi, taneli yapÄ±da olmasÄ± ve Ã¶zellikle toz yapmamasÄ± Ã§ok gÃ¼zel.",positive,0.9504581689834595
ÃœrÃ¼n iyi ama gÃ¶nderilen KarÄŸo sÄ±kÄ±ntÄ±lÄ± herzaman sorun yaÅŸÄ±yoruz zamanÄ±nda gelmiyor tekrar almam KarÄŸo deÄŸiÅŸmesi lazÄ±m ?,negative,0.5256918668746948
"Fazla kokusu yok bu yÃ¼zden puan kÄ±rdÄ±m.Belli belirsiz lavanta kokuyor. Ben tavÅŸan iÃ§in aldÄ±m,eÅŸelemiyor, Ã¼stÃ¼nÃ¼ kapatmÄ±yor,direk Ã¼zerine yapÄ±yor o yÃ¼zden tozutma konusunda birÅŸey sÃ¶yleyemeyeceÄŸim.TopaklanÄ±yor memnunum.",neutral,0.8426873683929443
Ã‡ok gÃ¼zel topaklanÄ±yor,positive,0.6410441398620605
TeÅŸekkÃ¼rler Ã§ok beÄŸendim. GÃ¼zel Ã¼rÃ¼n.,positive,0.7096242904663086
"ÃœrÃ¼n hÄ±zlÄ± geldi fakat Ã¼rÃ¼nÃ¼ tarttÄ±ÄŸÄ±m zaman 15 kg Ã§Ä±kÄ±yor. Yani 5 kg az tamamen mÃ¼ÅŸteri kandÄ±rmaca Ã¼rÃ¼nÃ¼ sipariÅŸ edip gelirse mutlaka aÃ§madan tartÄ±n. Ã‡uvalda bile 20 yazÄ±yor sÃ¶zde. Kesinlikle Ã¼rÃ¼nden almayÄ±n. 5 kg eksiklik nedir. Bir de iade mng oluÅŸturuyor. Evden alÄ±nmÄ±yor. 15 kg lÄ±k Ã¼rÃ¼nÃ¼ iade iÃ§in taÅŸÄ±mam, vesaite para vericem i. Ã‡ekeceÄŸim eziyet yanÄ±nda kaldÄ±. Ä°adesini bile bu yÃ¼zden yapamacaÄŸÄ±m",negative,0.9830622673034668
Uygun fiyatlÄ± bir Ã¼rÃ¼n olsa da topaklanmasi iyi bir Ã¼rÃ¼n deÄŸil. AyrÄ±ca kalÄ±n taneli olmasÄ± ev iÃ§inde ayaÄŸÄ±nÄ±zÄ± sÃ¼rekli rahatsÄ±z ediyor. Hergun sÃ¼pÃ¼rge Ã§alÄ±ÅŸtÄ±rmak zorunda kalÄ±yorsunuz.,negative,0.593360185623169
HÄ±zlÄ± teslim edildi.,neutral,0.7797805666923523
Daha Ã¶nceki aldÄ±klarÄ±ma gÃ¶re Ã¼rÃ¼nÃ¼n ebatlarÄ± biraz daha kÃ¼Ã§Ã¼lmÃ¼ÅŸ. KÃ¶peÄŸimiz daha Ã§ok sevdi. Son kullanim tarihi 10.07.2026 Kargo ve paketleme iyi. Tahmini sÃ¼reden Ã¶nce teslim edildi. FiyatÄ± da diÄŸer saticilardan biraz daha uygun.,positive,0.6510322093963623
Memnunuz en azÄ±ndan doyurucu,neutral,0.5750450491905212
toy poodle kÃ¶peÄŸimize bir sÃ¼rÃ¼ mama denedik ama en Ã§ok bu markayÄ± beÄŸendi. Arada aynÄ± markanÄ±n yaÅŸ mamasÄ± ile beraber yediriyorum.,neutral,0.6375288963317871
ÃœrÃ¼n taze satÄ±cÄ± gayet saÄŸlÄ±klÄ± bir ÅŸekilde kargoyu en kÄ±sa sÃ¼rede teslimatÄ± saÄŸladÄ±KÃ¶pekler memnun ben memnun daha ne olsun tavsiye eder tekrar sipariÅŸ ederim edeceÄŸim ğŸ‘ teÅŸekkÃ¼r ederim iyi Ã§alÄ±ÅŸmalar,positive,0.9092323780059814
GÃ¼zel paketleme eski tarihli deÄŸildi teÅŸekkÃ¼rler,neutral,0.6296899318695068
"Uzun zamandÄ±r kullandÄ±ÄŸÄ±mÄ±z bir mama. OÄŸlum severek yiyor ve sindirim sistemi dÃ¼zenli. ÃœrÃ¼n seÃ§tiÄŸim gÃ¼nde geldi, teÅŸekkÃ¼rler.",positive,0.9548446536064148
"Urunu 2,5 yasindaki poodleâ€™imiz icin aldik. Balikli tavuklu ya da farkli icerikli mamalardan sonra gercekten istahla yedi. Herhangi bir alerji sorunu da olmadi aktivite oranina gore 5 kg agirligindaki orta boy poodle icin gunluk 100-200 gr arasi mama yeterli oluyor.",positive,0.9218642711639404
Amazonâ€™u Ã¶zenli teslimatÄ± iÃ§in tercih ederim hep. Mama paketinin Ã¼stÃ¼nde hiÃ§ bir koruyucu olmayÄ±ÅŸÄ± beni ÅŸaÅŸÄ±rttÄ±. Ã‡izilmeler yarÄ±lmalar vardÄ±.. dÃ¶kÃ¼lmediÄŸini umarak iade etmiyorum ancak hoÅŸuma gitmedi..,negative,0.8543310165405273
Good product my chinnu loves it,positive,0.8550354242324829
éå¸¸ã«ã€é£Ÿã„ã¤ããŒè‰¯ã„( ` -' )bï½²ï½²ï¾ˆï½¯âœ¨,positive,0.8100473880767822
Royal Canin Ã¤r bÃ¤sta hundmaten.,positive,0.9036931991577148
"I have three Chihuahuas and have bred them too which has resulted in spending years (and so much money) experimenting with different brands and types of food and I am so happy to have found the perfect food for them.I've had so many problems with buying food over the years. So many brands of food are food advertised specifically for small breeds or puppies but often contain huge kibbles which are totally unsuitable. These kibbles are the perfect size, they're around 5mm wide and around 2mm deep so are great for even the smallest dogs- my mum's adult Chihuahua weighs just over 2lbs and eats these with ease.You can add boiling water to the dried food which turns it into a porridge-like consistency which is perfect for weaning and is also great for if dogs are ill. My oldest Chihuahua had to have some dental work done and this was perfect for when her gums were healing.I realise Chihuahuas are fussy (especially having owned Springer Spaniels which would eat anything) but I am still pleasantly surprised when mine finish their portion having spent years throwing away food they refused to eat. It is the only food which I've bought which has never resulted in diarrhoea producing small, firm stools.Ideally I'd love to feed my dogs an organic or raw diet with no chemicals etc but it's inconvenient, very expensive, difficult to buy and store and often leaves a lot of waste. The kibbles hardly smell at all, even when served wet which is great and I've bought a Maelson Dry Box Food Storage Bin, 7.5 Kg from Amazon which holds an entire bag which is very helpful.I feel like I could say so much more but I've already written quite a lot. Hopefully this helps someone save time and money trialling dog food.",positive,0.5594599843025208
ØªØºÙŠØ±Øª ØµØ­Ø© ÙƒÙ„Ø¨ØªÙŠ Ø§Ù„Ø¨Ø§Ù„ØºÙ‡ Ø³Ø¨Ø¹ ÙˆØ³Ù†ÙˆØ§Øª ÙˆÙ†ØµÙ Ù„Ù„Ø§ÙØ¶Ù„ Ø¹Ù†Ø¯ Ø§Ø³ØªØ®Ø¯Ø§Ù…Ù‡ ÙˆØ§Ø¶Ø­ ØªØºÙŠÙŠØ± Ø§Ù„Ø§ÙƒÙ„ Ø¹Ù„ÙŠÙ‡Ø§ Ù…Ù†Ø§Ø³Ø¨ Ù„Ø³Ù†Ù‡Ø§,positive,0.6277517080307007
"gÃ¼zel Ã¼rÃ¼n,pudra kokulu",positive,0.5738309621810913
kedim en sevdiÄŸi kum. hep alÄ±yorum hem kaliteli hem de hesaplÄ± kolay gelsin kargoya teÅŸekkÃ¼r ederim,positive,0.9592139720916748
Bir tÄ±k tozutuyor ilk dÃ¶kÃ¼ldÃ¼ÄŸÃ¼nde ama fena deÄŸil,neutral,0.8905019164085388
Paketler daha saÄŸlam olmalÄ±,neutral,0.5371944308280945
Ã‡ok gÃ¼zel topaklaniyor ve Ã§ok daha uzun kullanÄ±m saÄŸlÄ±yor kokuyu hapsediyor,positive,0.9294339418411255
"Ä°lk aldÄ±ÄŸÄ±mÄ±zda ki sanÄ±rÄ±m 6 ay evveldi gayet gÃ¼zel tozutmayan yapÄ±daydÄ±.Son iki sipariÅŸte zaten gÃ¶zle gÃ¶rÃ¼lÃ¼r bir ÅŸekilde kalite dÃ¼ÅŸmÃ¼ÅŸ. Zannedersiniz inÅŸaattan Ã§Ä±kan tozu paketleyip gÃ¶ndermiÅŸler. Kedi tuvaletini gizlemek iÃ§in bazen dakikalarca uÄŸraÅŸmaya baÅŸladÄ±, bu da tÃ¼m evin tozla kaplanmasÄ±na sebebiyet veriyor.NasÄ±l kullandÄ±ÄŸÄ±mÄ±zÄ± da anlatayÄ±m. Kum kabÄ±nÄ±n Ã¼zerinde 3 cm civarÄ± boÅŸluk kalacak ÅŸekilde dolduruyoruz, kedi rahat etsin,.kolay gizleyebilsin diye.Her gÃ¼n temizliÄŸi yapÄ±lÄ±yor kumun, iÃ§erisine belki tozu tutar Ã¼midiyle aktif karbon atÄ±yoruz ama yok.Åu Ã¼lkede bir ÅŸeyin de kalitesi dÃ¼ÅŸÃ¼p fiyatÄ± artmasÄ±n arkadaÅŸ.",positive,0.8352198004722595
"en baÅŸarÄ±lÄ± kum, kokuyu hiÃ§ yaymÄ±yor ve toz alerjisi olanlar iÃ§in de iyi.",positive,0.9691662788391113
"Koku yapmayan , Ã§ok iyi bir Ã¼rÃ¼n",positive,0.8852037787437439
I loved the way it smelled and wasnâ€™t dusty. I mixed it with another brand and am quite satisfied ğŸ‘,positive,0.9031916856765747
kedilerim hastasÄ± :),positive,0.7267870903015137
SevdiÄŸi Ã¼rÃ¼nlerin arasÄ±nda. Evde devamlÄ± bulunur.,positive,0.8008977174758911
Ã‡ok gÃ¼zel bir Ã¼rÃ¼n kedim bayÄ±lÄ±yor devamli alÄ±yorum,positive,0.9188133478164673
GÃ¼zel,neutral,0.8094831705093384
Kedilerim Ã§ok seviyor,positive,0.5568637251853943
kedimiz bayÄ±larak yer. AlÄ±ÅŸkanlÄ±k oldu her akÅŸam 1 paket veriyoruz.,positive,0.9226230978965759
Ä°dare eder ama kedim diÄŸer wanpy kÃ¼Ã§Ã¼k paketlere bayÄ±lÄ±rken bunu pek sevmedi.,neutral,0.9240195751190186
Kedimiz toto verir buna.,neutral,0.9869788885116577
"Ambalajda patlak vs. yok. Åu an gelen Ã¼rÃ¼nÃ¼n son kullanma tarihi 4.2026, satÄ±n alacaklarÄ±n dikkatine; mamanÄ±z bitmeye yaklaÅŸtÄ±ysa gÃ¶nÃ¼l rahatlÄ±ÄŸÄ±yla alabilirsiniz. HÄ±zlÄ± ve saÄŸlam teslimat iÃ§in Kolay Gelsin ekibine teÅŸekkÃ¼rler.",positive,0.8044342994689941
GÃ¼zel bu tadÄ± seviyorlar,neutral,0.6199082136154175
Her zaman aldÄ±ÄŸÄ±m mama satÄ±cÄ±nÄ±n Amazon olmasÄ± ayrÄ±ca gÃ¼ven veriyor kedilerimin severek tÃ¼ketiyor,positive,0.9548325538635254
HÄ±zlÄ± gÃ¼venilir ve orijinal uygun fiyat olduÄŸu iÃ§in burdan alÄ±ÅŸveriÅŸ yapÄ±yorum Ã¼Ã§Ã¼ncÃ¼ sipariÅŸim bir sorun yaÅŸamadÄ±m teÅŸekkÃ¼r kedim Siyam severek yiyor,positive,0.8678789138793945
TÃ¼ylÃ¼ canlarÄ±m Ã§ok seviyor,positive,0.7300527095794678
ÃœrÃ¼n paketi yÄ±rtÄ±k bir ÅŸekilde geldi. Hindili deÄŸil somonlu yollamÄ±ÅŸlar ve 10 kg olarak gelmiÅŸ. Ä°ade kabul edilmiyor!! Tavsiye etmiyorum,negative,0.9900599718093872
Kaliteli,neutral,0.5217273831367493
"Fiyat performans olarak Ã§ok Ã§ok iyi.MarkayÄ± denemek iÃ§in somonlu almÄ±ÅŸtÄ±m, kedimiz severek yedi, onun Ã¼zerine bunu aldÄ±m.",positive,0.918538510799408
Bu mamayÄ± test etmek iÃ§in Ã¶nce 3kglÄ±k aldÄ±k kedimizin ishal sorunu Ã§Ã¶zÃ¼ldÃ¼ ve kokusundan boyutÄ±ndan memmun kaldÄ±k 10kiloluk aldÄ±k ilk baÅŸta yorumlarÄ± gÃ¶rÃ¼nce tarihinden korktuk ama 2026ya kadar devam ediyor sÄ±kÄ±ntÄ± yok yani memnunuz birde alÄ±rkan gÃ¶nderen ve satÄ±cÄ± Amazon olmasÄ±na dikkat edin Amazon'un gÃ¶nderdikleri her zaman orjinal oluyor,positive,0.7456040978431702
Kedim 15 yÄ±ldÄ±r yalnÄ±zca proplan ile besleniyor. Ã–zellikle kÄ±sÄ±rlaÅŸtÄ±ktan sonra bu mamaya geÃ§tik ve tÃ¼yleri az dÃ¶kÃ¼lÃ¼yor.,neutral,0.9861816167831421
"Merhaba,Ã¼rÃ¼n muhteÅŸem herkese tavsiye ediyorum. 3 kedim var ve tÃ¼y dÃ¶kme oranlarÄ± oldukÃ§a azaldÄ± tÃ¼y sorunu olanlar Ã¶zellikle kullanabilir.",positive,0.9119880199432373
Urun gÃ¼zel orjinal ancak kendi paketinde korunaklÄ± toz kir iÃ§inde gÃ¶nderilmiÅŸ olmasÄ± olumsuz SKT 06.2026,neutral,0.770686149597168
Mama orjinal gÃ¶nÃ¼l rahatlÄ±ÄŸÄ±yla alabilirsiniz,positive,0.9162770509719849
BeklediÄŸim Ã¼rÃ¼n. â™¥ HÄ±zlÄ± teslimat. â™¥,positive,0.8021914958953857
Hemen denedik. KÄ±zÄ±mÄ±z severek yedi. HÄ±zlÄ± gÃ¶nderim iÃ§in teÅŸekkÃ¼rler.,positive,0.6813576221466064
Kedime her seferinde bu mamadan alÄ±yorum beÄŸeniyor,positive,0.8698323369026184
Croccantini di fascia top. Non si trovano da nessuna parte nel formato 10kg.Prezzo super conveniente e prodotto eccezionale.Gatti adulti e sterilizzati.,positive,0.9471022486686707
KÄ±sÄ±rlaÅŸtÄ±rÄ±ldÄ±ÄŸÄ±ndan beri Scottish Fold'a hep bunu verdik. HiÃ§ deÄŸiÅŸtirmedik. Ã‡ok memnunuz.,positive,0.9103531837463379
Bien,neutral,0.8503196239471436
"Great service. Delivery was on time and the price really good. I am really happy as is hard to find the 10Kg bag in pets stores and also the sellers price is cheaper. I was really worried when started to give it to the kittens as they are really difficult with new things, they loved the salmon flavour and ate it with no fuzz. So really happy with the store and product.",positive,0.7914479374885559
"Meine Katzen mit groÃŸen Appetit proplan fressen. Und ich weiÃŸ, dass diesen Futter Hilfe meine Katzen gesund bleiben.",positive,0.8124239444732666
GÃ¼zel,neutral,0.8094831705093384
Beklentimin karÅŸÄ±landÄ±ÄŸÄ± bir alÄ±ÅŸveriÅŸ oldu teÅŸekkÃ¼rler Ã¼rÃ¼nÃ¼n yeni tarihli olmasÄ± ve kargonun hÄ±zlÄ± olmasÄ± ayrÄ±ca gÃ¼zel,positive,0.8452092409133911
Ã¼rÃ¼nÃ¼n kendisi ve paketlenip kargolanmasÄ± gayet iyiydi.,neutral,0.5503005385398865
"Kedi 17 yaÅŸÄ±nda uzun zamandÄ±r sorunsuz, severe bu mamayÄ± yiyor. Tek sorun fiyat..",positive,0.5096458196640015
HÄ±zlÄ± teslimat saÄŸlam kargo fiyat olarak da Ã§ok baÅŸarÄ±lÄ±,positive,0.8432523608207703
Mama zaten bildiÄŸimiz Proplan kalitesi; tek derdim SKT idi - yeni tarihli mama gelmiÅŸ; indirimi kovaÅŸamak gerek en iyi fiyat hep Amazonda.,positive,0.8111863732337952
ArkadaÅŸlar Ã§ok sormuÅŸ son kullanma tarihini: 03/22 yilinda almama raÄŸmen 07/23 son kullanma tarihi. FazlasÄ±yla yeterli. Uygun fiyata da aldÄ±m. TeÅŸekkÃ¼rler Amazon.,positive,0.7625858783721924
DÃ¼n aldÄ±m bugÃ¼n geldi ve son kullanma tarihi 09 2023 olmasÄ±na ayrÄ±ca sevindim. TeÅŸekkÃ¼rler :),positive,0.8406751155853271
Kedilerim Ã§ok aÃ§ kalmadÄ±kÃ§a asla yemiyor!!!,negative,0.9506446123123169
"SÃ¼rekli aldÄ±ÄŸÄ±m Ã¼rÃ¼n, kedim severek yiyor",positive,0.9473652839660645
Orjinal paketinde geldi. Son kullanma tarihi 24/05/2025,positive,0.7446349263191223
BaÅŸka bir firmadan aldigim mamayi sikayet edecektim orjinal degil diye ama yanlislikla size yazmisim. Ozur dilerim.sizden aldigim mamadab sikayetci degilim,neutral,0.5297688841819763
"Ã‡ok kÄ±sa sÃ¼rede elime ulaÅŸtÄ±,ÃœrÃ¼nÃ¼n paketinde her hangi bir yÄ±rtÄ±k yoktu,Taze olduÄŸu belli,son kullanÄ±m tarihi 2026,teÅŸekkÃ¼r ederim",positive,0.854979932308197
markamama satÄ±cÄ±sÄ±nÄ±n sattÄ±ÄŸÄ± Ã¼rÃ¼nler orijinaldir. sahte Ã¼rÃ¼n satan satÄ±cÄ±lardan bizi koruyacak olan Amazon uyuma.,neutral,0.500578761100769
"Kedilerim Ã§ok severek yiyiyor, hem sensible 33 serisi hem bu tavsiye ederiz.",positive,0.8343299627304077
MamacÄ± Teyze'ye teÅŸekkÃ¼rler her zamanki gibi hÄ±zlÄ± kargo orijinal Ã¼rÃ¼n kedimiz severek yiyor.,positive,0.8908401727676392
"Among all the foods for sterilised cats, this is the best one I have ordered at the moment.",positive,0.9375479221343994
Produit conforme que jâ€™achÃ¨te rÃ©guliÃ¨rement en animalerie dâ€™habitude.,positive,0.7324687838554382
æˆ‘ãŒå®¶ã¯ 1æ­³ã‹ã‚‰ã‚‚ã†ã“ã‚Œ(*^^*)ãƒ­ã‚¤ãƒ¤ãƒ«ã‚«ãƒŠãƒ³ã¯ å‹•ç‰©å®Ÿé¨“ã›ãšã«ä½œã‚‰ã‚Œã¦ã„ã¾ã™æ‚²æƒ¨ãªå‹•ç‰©å®Ÿé¨“ã¯å¿…è¦ã‚ã‚Šã¾ã›ã‚“,positive,0.6769219636917114
Everything was fine,neutral,0.5052884221076965
Ottima qualitÃ  di croccantini. I miei gatti che con altri croccantini hanno problemi di stomaco con questi invece non soffrono nessun disturbo. Buon rapporto qualitÃ  prezzo e spedizione veloce,positive,0.9411313533782959
"adÄ± Bihter olup,ruhu fakir olan varoÅŸ tekirim seviyor bu mamayÄ±. sokak canlarÄ± iÃ§in de iyi bÃ¶yle alÄ±nca daha bereketli ve hesaplÄ± oluyor benim iÃ§in. gÃ¼zel paketlenmiÅŸ,saÄŸlam ulaÅŸtÄ± elime. teÅŸekkÃ¼r ederim ğŸ’šğŸ¤",positive,0.8583501577377319
BahÃ§edeki kedilere severek yiyor gÃ¼zel.,neutral,0.5881989598274231
5 paket mama aldÄ±m hepsi paket yÄ±rtÄ±k bir tanesi baya aÄŸzÄ± aÃ§Ä±k geldi bir sÃ¼rÃ¼ mama dÃ¶kÃ¼lmÃ¼ÅŸ. Bir tanesi de garip bir ÅŸekilde bantlanmÄ±ÅŸ olarak geldi yorumumu gÃ¼ncelliyorum. Garip ÅŸekilde bantlanmÄ±ÅŸ olan paketin aÄŸzÄ± aÃ§Ä±k onu bantlamaya Ã§alÄ±ÅŸmÄ±ÅŸlar. BÃ¼tÃ¼n paketler yÄ±rtÄ±k olduÄŸu iÃ§in dÃ¶ke dÃ¶ke getirmiÅŸler bir sÃ¼rÃ¼ mama gitmiÅŸ hakkÄ±mÄ± helal etmiyorum,negative,0.9775331616401672
ÃœrÃ¼n gÃ¼zel paketli ve aÅŸÄ±rÄ± hÄ±zlÄ± bir ÅŸekilde geldi. DÃ¼n sipariÅŸ verdim bugÃ¼n elimdeydi. EmeÄŸi geÃ§en herkese Ã§ok teÅŸekkÃ¼rler.,positive,0.9082648754119873
"Her zaman aldÄ±ÄŸÄ±m Ã¼rÃ¼n, teslim hÄ±zÄ±nda sorun yok ancak, taÅŸÄ±ma esnasÄ±nda paket yÄ±rtÄ±lmÄ±ÅŸ ve mamalarÄ±n bir kÄ±smÄ± dÃ¶kÃ¼lmÃ¼ÅŸ. LÃ¼tfen daha Ã¶zenli olur musunuz ğŸ™ğŸ»",neutral,0.6755408048629761
Kedilerim Ã§ok beÄŸendi,neutral,0.5219050645828247
ilk aldÄ±gÄ±mda kedilerim problemsiz yediler ama bir sure sonra artÄ±k bÄ±ktÄ±lar sanÄ±rsam pek yemek istemiyorlarfarklÄ± yemlerle karÄ±stÄ±mak gerekiyor gibi ama fayda maliyet olarak oldukca basarÄ±lÄ± denebilir,neutral,0.8433725833892822
sokak kedilerine alÄ±yorum yemeyeni gÃ¶rmedim,neutral,0.45714011788368225
Evde iki tane kedi var tuvalet olarak da manuel kollu akÄ±llÄ± tuvalet kullanÄ±yorum DiÄŸer konularda topaklar dibe yapÄ±ÅŸÄ±rken Bu konuda kesinlikle tuvaletin dibine yapÄ±ÅŸma olmadÄ± hÄ±zlÄ± topaklanÄ±yor neredeyse toz yok bence ÅŸu an alÄ±nÄ±p alÄ±nabilecek en iyi kedi kumu tek olumsuz tarafÄ± maalesef fiyatÄ±,positive,0.8297457098960876
"Everclean tiz yok, topaklanma on numara , daha uzun Ã¶mÃ¼rlÃ¼. GeÃ§ tanÄ±ÅŸtÄ±m ama iyi ki tanÄ±ÅŸtÄ±m. Kumda tek tercihim.",positive,0.8755161166191101
Uygun fiyatlÄ± kaliteli kum,positive,0.7804815769195557
"Bu marka gercekten iyi, fiyati bu kadar yuksek olmasa. Amazon indirimleelrini takip ediyoruz.",positive,0.8466341495513916
Kediler iÃ§in bi ektrasini gÃ¶rmedim fiyat da lÃ¼zumsuz pahalandÄ± artÄ±k almÄ±yoruz,negative,0.9530898332595825
ÃœrÃ¼n hasarsÄ±z ve gayet temiz bir ÅŸekilde teslim edildi. Piyasa fiyatlarÄ±na gÃ¶re daha da ucuza geliyor buradan alÄ±nca o yÃ¼zden herkese tavsiye ederim.,positive,0.9500816464424133
Teslimat o kadar kÃ¶tÃ¼ydÃ¼ ki! Kutunun bir tanesi tamamen parÃ§alanmÄ±ÅŸ ve yarisi dokulmustu. Acil ihtiyaÃ§tan iade etmedim. Ama gerÃ§ekten bu kadar Ã¶zensiz bir iÅŸe de denk gelmemiÅŸtim. YazÄ±k!!!,negative,0.9773619771003723
KullandÄ±ÄŸÄ±m en iyi kedi kumu (sadece Amazon satÄ±cÄ±sÄ± olanlarÄ± alÄ±yorum),positive,0.9100645184516907
"Fa quel che promette. L'urina forma delle masse solide che, se la pulusci due volte al giorno e usi un pochino di delicatezza, non si sbriciolano e la sabbia pulita filtra attraverso i buchi della paletta. Questo permette di sprecare meno sabbia e tenere pulita la lettiera, perchÃ© l'urina non crea quella puzza acida che la contaminava tutta e si sentiva dal corridoio (ero costretta a cambiarla due volte a settimana nonostante la micia abbia solo 5 mesi!) Ora aggiungo al bisogno un po di sabbia fino a cambiarla anche ai 10 gg. Nessuna puzza e un bel risparmio!",positive,0.7951986789703369
"Very good clumping and very small granules. Great odour control, much better than Catsan and anything else. Absolutely worth the money as I don't have to buy automatic air freshener for the bathroom anymore. The litter releases fragrance once a cat has had a pee. Have been buying it for more than 10 years for 2 cats.",positive,0.9626603722572327
"Bon produit! Mon chat lâ€™adore! Pas de poussiÃ¨re, pas de mauvais odeur ! RecommandÃ© !",positive,0.9393235445022583
"Tengo tres gatos, y cambio la arena con frecuencia.Esta es mi preferida. No huele en absoluto el arenero, y se limpia bien porque aglomera perfectamente. No queda arena sucia en el arenero.",positive,0.917783796787262
SÃ¥ bra,positive,0.7586774230003357
Son kullanÄ±m tarihine 9 ay var. 9 aya kedi bitreceÄŸi iÃ§in sorun deÄŸil. Kedimizin dÃ¼zenli yediÄŸi mama. Royal canin kalitesi. Ã‡ok fazla irdelediÄŸimizde iÅŸin iÃ§inden Ã§Ä±kamÄ±yoruz zaten. O yÃ¼zden bu mamayla devam edeceÄŸiz. GÃ¶nderen ve satan amazon olduÄŸu iÃ§in orjinalliÄŸinden ÅŸÃ¼phe yok.,positive,0.6824635863304138
Orijinal olduÄŸunu dÃ¼ÅŸÃ¼nmÃ¼yorum. 1.5 kg aldÄ±ÄŸÄ±m Royal CanÄ±n mama paketi vakumluydu. Bunun paketi sonradan doldurulmuÅŸ gibi ip ile kapatÄ±lÄ±p ip kÄ±smÄ±nÄ± etiket ile kapatmÄ±ÅŸlar aÃ§tÄ±ÄŸÄ±m iÃ§in iade edemiyorum maalesef.Bundan sonra ki mamayÄ± Royal CanÄ±n Ä±n resmi sitesinden alacaÄŸÄ±m. Ãœstte gÃ¶rÃ¼nsÃ¼n diye beÅŸ veriyorum.,negative,0.8780617117881775
gÃ¼zel paketli kutu iÃ§inde 10kg olan vakumlu 15kg olan dikiÅŸli ve bantlÄ± . heryerde bÃ¶yle. amazon dan 15 kg aldÄ±m orjÄ±nal 26 ocak 2026 SKT.,neutral,0.5067985653877258
Orijinal deÄŸil kedim yemedi.arkasÄ±nÄ± da etiketle yapÄ±ÅŸtÄ±rmÄ±ÅŸlar muhtemelen son kullanma tarihi de deÄŸiÅŸtirilmiÅŸtir.verdiÄŸim para Ã§Ã¶p oldu!!! Ãœstte gÃ¶rÃ¼nsÃ¼n diye 5 yÄ±ldÄ±z verdim,negative,0.9720468521118164
"Kedim 6 yaÅŸÄ±nda,son beÅŸ yÄ±l hiÃ§ deÄŸiÅŸtirmeden kullandÄ±ÄŸÄ±m tek Ã¼rÃ¼n baÅŸkasÄ±nÄ± koklamÄ±yor bile, vakumlanmÄ±ÅŸ paket iÃ§inde tazecik kusursuz mama taneleri diÄŸer mamalarÄ±n paketleri bÃ¶yle vakumlu olmuyor. Bu mama sayesinde kedim hala fit Ã¶nemle tavsiye ederim satÄ±cÄ± da mÃ¼kemmel.",positive,0.9735855460166931
Kedim severek yiyor.KÄ±sÄ±r YetiÅŸkin erkek kedim var.BÃ¼yÃ¼k boy almak ekonomik oluyor.,positive,0.7184752225875854
"Ã¶ncelikle Ã¼rÃ¼n gÃ¼zel ve saÄŸlam, son kullanma tarihi de yeterli. Ã¼rÃ¼nÃ¼n orjinalliÄŸinden de ÅŸÃ¼phem yok(Ã§Ã¼nkÃ¼ satÄ±cÄ±sÄ± amazon) ama niye bir yÄ±ldÄ±z verdim : Ã§Ã¼nkÃ¼ amazon Ã§ok ciddiyetsizce iÅŸler yapÄ±yor.Birincisi : bu Ã¼rÃ¼nÃ¼n sipariÅŸini verdim, Ã¼rÃ¼n daha kargoya verilmeden Ã¼rÃ¼nÃ¼n fiyatÄ± dÃ¼ÅŸtÃ¼. amazon hem kendi satÄ±yor Ã¼rÃ¼nÃ¼ hem de pahalÄ± fiyattan Ã¼rÃ¼n alan mÃ¼ÅŸterisini korumuyor. ben sipariÅŸimi iptal edip yeniden vermek zorunda deÄŸilim, bunlarÄ± amazon dÃ¼ÅŸÃ¼nmeli.Ä°kincisi : sipariÅŸ verirken prime Ã¼yeliÄŸi satmak iÃ§in Ã¼rÃ¼n normalden 2 gÃ¼n Ã¶nce gelecek diye uyarÄ± verdi, bunun Ã¼zerine prime Ã¼yelik aldÄ±m ama Ã¼rÃ¼n 2 gÃ¼n Ã¶nce gelmedi. yani boÅŸuna prime almÄ±ÅŸ oldum. bu nasÄ±l bir ciddiyetsizlik. mÃ¼ÅŸteri hizmetlerine bu konuyu bildirdim, ilgililenilecek dendi ama bir geri dÃ¶nÃ¼ÅŸ olmadÄ±.",neutral,0.49291667342185974
SipariÅŸlerim doÄŸru ve zamanÄ±nda geldi,neutral,0.46467918157577515
4 happy furry customers. Will purchase again,positive,0.8967524766921997
"A las gatas les encanta, la cantidad recomendada en el paquete viene bien seÃ±alizada, se trata de un producto de buena marca y que estÃ¡ ayudando ademÃ¡s a la gata con su gingivitis, estÃ¡ mejor desde que la toma, se ve que no se acumula mucho en los dientes pese a ser trozos pequeÃ±os.",positive,0.9177282452583313
"Bra pris pÃ¥ torrfoder, som min katt gillar. Snabb leverans.",positive,0.8825161457061768
Die schnelle und gute Sendung hat mir sehr gefallen.Macht bitte weiter so.Ein zufrieder Kunde vielen Dank.,positive,0.9422910809516907
My cat finishes meal without residual and waiting the next one .,neutral,0.48458608984947205
Elimde daha Ã¶nce vet alÄ±nan orijinali vardÄ± kontrol ettim Ã¼rÃ¼nun hafif yaÄŸlÄ± olmasÄ±ndan kutusuna kadar aynÄ±. Orijinal olduÄŸunu anladÄ±m her yerden ve her satÄ±cÄ±dan almayÄ±n bende zaten Amazon satÄ±cÄ± diye almÄ±ÅŸtÄ±m iyi ki almÄ±ÅŸÄ±m. TeÅŸekkÃ¼rler.,positive,0.8974896669387817
Royal canin Ã§ok iyi lezzetli.,positive,0.5828288197517395
kedi Ã§ok yiyor sever,neutral,0.6155219078063965
GÃ¼zel mama kaliteli,neutral,0.6541202664375305
Orjinaldi gÃ¼zel Ã¼rÃ¼n ufak kediler iÃ§in Ã§ok iyi bir tercih,positive,0.7974485158920288
"17,5 yaÅŸÄ±nda ki canÄ±m TarÃ§Ä±nÄ±ma sÃ¼rekli verdiÄŸim mamaydÄ± onu kaybettim ama iyi yaÅŸadÄ±ÄŸÄ±nÄ± dÃ¼ÅŸÃ¼nÃ¼yorum. Åimdi ki kÄ±zÄ±m kuzum' a bunu veriyorum Ã§ok memnunum",positive,0.8531602621078491
Kedimiz ufakken Ã§ok aldÄ±k bu mamadan sonrasÄ±nda nd ye geÃ§tik ama gayet gÃ¼zel bir ÅŸekilde tÃ¼ketti bu mamayÄ±,positive,0.5594637393951416
Evde ki kÄ±sÄ±r kediler iÃ§in Ã§ok seviyorlar,neutral,0.538171112537384
Mangiare top,positive,0.5844857096672058
Conforme au produit,positive,0.6250965595245361
Gut,neutral,0.6341250538825989
é£Ÿã„ã¤ããŒã‚ˆãå®‰å¿ƒã§ãã¾ã™ã€‚,positive,0.7997906804084778
well packed and good quality fur babies loves it as usual,positive,0.8087263703346252
ÃœrÃ¼nÃ¼ yakÄ±n tavsiyesiyle almaya baÅŸladÄ±k. Bu Ã¼Ã§Ã¼ncÃ¼ sipariÅŸimiz oluyor.ÃœrÃ¼nden Ã§ok memnunum. SatÄ±cÄ± Amazon olan 2 sefer alÄ±nsn Ã¼rÃ¼nde herhangi bir SKT problemi de yaÅŸamadÄ±k. TeÅŸekkÃ¼r ediyorum.,positive,0.9366701245307922
ÃœrÃ¼n elime ulaÅŸtÄ± son kullanma tarihi 2026 henÃ¼z denemedim,neutral,0.8412679433822632
ÃœrÃ¼nÃ¼ senelerdir severek kullanÄ±yoruz,positive,0.7694212198257446
Bu fiyat skalasÄ±nda alÄ±nabilecek en iyi mamalardan biri.,positive,0.8892325162887573
Kedimin vazgeÃ§mediÄŸin tat,positive,0.8960846066474915
Daha Ã¶nce 1.5 kg olanÄ± kullandÄ±m. Bir sorun yaÅŸamadÄ±m. Ancak bu 12 kg kullanmaya baÅŸladÄ±ktan sonra kedimde ishal yaptÄ±. MamayÄ± kesene kadar da problemi devam etti. Ya bozuk ya da sahte mama gÃ¶nderildi. Kesim saÄŸlÄ±ÄŸÄ±ndan oldu.,negative,0.8286865949630737
Severek yediÄŸim bi mama sahibime teÅŸekkÃ¼r ediyorum,positive,0.7749122977256775
"Daha Ã¶nce somonlusunu almÄ±ÅŸtÄ±m bu sefer deÄŸiÅŸiklik olsun diye bunu tercih ettim. Ä°ki kedimde beÄŸenmedi, Ã§ok zor yiyorlar. Bir tanesi Ã§ok iÅŸtahlÄ± olmasÄ±na raÄŸmen tabak ertesi gÃ¼ne mama kalÄ±yor.",negative,0.6112920045852661
mukemmel,positive,0.5366923809051514
Everclean Ã¼zerine baÅŸka kum tanÄ±mam,neutral,0.4818572700023651
SapasaÄŸlam geldi orjinal Ã¼rÃ¼n,positive,0.732972264289856
Ã‡ok memnunum fiyat biraz uygun olda keÅŸke,positive,0.6618635654449463
Kedi kumu olarak en sÃ¼per Ã¼rÃ¼n,positive,0.9421472549438477
Kumun aÄŸÄ±r olmayan hoÅŸ bir kokusu var asla dÄ±ÅŸkÄ± kokusu duyulmuyor artÄ± topaklanma Ã§ok hÄ±zlÄ±. Ve en fazla 1 aylÄ±k sokaÄŸa atÄ±lmÄ±ÅŸ sÃ¼tten kesilmemiÅŸ bir yavru kedi sahiplendim kuma 2 kez koydum Ã¶nce 2 defasÄ±nda da hemen Ã§Ä±ktÄ± 3. denememde Ã§iÅŸini ve kakasÄ±nÄ± yaptÄ± artÄ±k her gÃ¼n koÅŸa koÅŸa kuma gidip iÅŸini hallediyor kÄ±saca 3 gÃ¼nde Ã¶ÄŸrenip kumu sevdi. Demek ki kum Ã§ok iyi kedilere hitap ediyor. Fiyat biraz pahalÄ± umarÄ±m indirim olur ilerde.,positive,0.951126217842102
"HiÃ§ ever clean gibi deÄŸildi, inanÄ±lmaz toz Ã§Ä±kardÄ±",negative,0.9851991534233093
"Topaklanmasi cok basarili daÄŸÄ±lmÄ±yor, kÃ¶tÃ¼ koku yok tozlanma neredeyse sÄ±fÄ±r fakat iki cok kÃ¶tÃ¼ yÃ¶nÃ¼ var.1. Ince taneli olmasi nedeniyle patilerle kum dÄ±ÅŸarÄ± taÅŸÄ±nÄ±yor,2. Cok pahalÄ± kum mama gibi Ã¼rÃ¼nlerde zaten kurdan dolayi fiyat yÃ¼ksek vergi de cabasÄ± Ã§Ã¶zÃ¼msÃ¼z bir sorun gibi ama bu kalitede yerli kum da yok maalesef.",neutral,0.6923369765281677
Ottimo prodotto copre gli odori Senza infastidire il gatto,positive,0.9273468255996704
La sabbia Ã¨ ottima. Ma da come ho ricevuto il pacco non Ã¨ una bella cosa ( si vede nella foto) . Per il prezzo pagato Ã¨ vergognoso ricevere un pacco in queste condizioni.Non comprerÃ² piÃ¹.,negative,0.5094998478889465
Ã¼rÃ¼n 1 gÃ¼nde ulaÅŸtÄ± elime hÄ±zlÄ± teslimat iÃ§in teÅŸekkÃ¼r ederim. tek sorun ND gibi bi markanÄ±n bu mamaya aÃ§Ä±lÄ±r kapanÄ±r cÄ±rt koymamasÄ± Ã§ok bÃ¼yÃ¼k eksi .,neutral,0.5850018858909607
HÄ±zlÄ± teslimat ve orijinal olma garantisi mÃ¼kkk,positive,0.7656590342521667
ÃœrÃ¼n yeni Ã¼retim son kullanma tarihine 14 ay var.Hizli ve hasarsÄ±z kargo.,positive,0.7423682808876038
Ä°yi paket,neutral,0.7530230283737183
Kargo teslimat urun sorunsuz,positive,0.6068955659866333
Ã‡ok tatlÄ± dedim Ã§Ã¼nkÃ¼ kedim paketin yanÄ±ndan ayrÄ±lmadÄ±. Ã‡ok severek yedi. Mama kedimin TÃ¼ylerini yumuÅŸatmasÄ± ya da dÃ¶kÃ¼lmesini azaltmadÄ± ama kedime bir zarar da vermedi. Kedimiz Tekir 3 yaÅŸÄ±nda.,positive,0.7984694838523865
Kedimize daha Ã¶nce n&d kÄ±sÄ±rlaÅŸtÄ±rÄ±lmÄ±ÅŸ tavuklu narlÄ± mama alÄ±yorduk. Onu da gÃ¼zel yiyordu ama son zamanlarda sÄ±kÄ±lÄ±r gibi olduÄŸu iÃ§in tahÄ±llÄ± mamayÄ± denedik. Bunu da Ã§ok gÃ¼zel ve severek yiyor. Kargo gayet gÃ¼zel karton kutuya paketlenmiÅŸ olarak hÄ±zlÄ±ca geldi. Bundan sonra kuzulu olanÄ±nÄ± deneyeceÄŸiz.,positive,0.7264247536659241
"Paketlemeye dair hiÃ§ bir ÅŸey yok. Ne bi streÃ§e sarÄ±lmÄ±ÅŸ ne de bir koruyucu poÅŸet.AlÄ±rken gelecek paketin yÄ±rtÄ±k, eksik gramajlÄ± olacaÄŸÄ±nÄ± bilerek alÄ±n.",negative,0.9615095257759094
"I'm not sure why it even still states made in italy when it has a sticker now that it's made and batched in Serbia, this batch looks off in color and my cat won't touch it.",negative,0.7698285579681396
"A mis gatos le sentÃ³ mal, a los dos. EstÃ³magos sibaritas la cruz que me persigue",negative,0.6194440722465515
das einzige trockenfutter was meine gadse mag. hab ein sehr wÃ¤hlerisches exemplar zuhause. leider ist das futter im vergleich sehr teuer daher win stern abzug,neutral,0.758193850517273
Siempre compro esta marca ya que a mis dos chicos les encanta ademas como tienen tantos sabores les voy variando y ellos encantados,positive,0.9394715428352356
"Shipment was fast and secure, package was not damaged and arrived on the day it was promised. I already knew the brand because my late cat & stray cats also loved it, but I wasn't sure my new cat, a senior one, would like it or not. I was worried for nothing since she simply devours it in seconds and meows for more! I also prefer this brand for their ethical testings, they try to limit their researches to only minimum requirements and do not promote animal cruelty.",positive,0.6384714245796204
BayÄ±ldÄ± Ã§ok sevdi yeni tatler yeni mutluluklar,positive,0.8748376965522766
DÃ¼n Ã¶ÄŸleden sonra verdiÄŸim sipariÅŸim bu sabah geldi. Kedim Ã§ok mutlu :) TeÅŸekkÃ¼rler,positive,0.8479918241500854
DeÄŸiÅŸik marka ne yese kusan bir kedim var ama bunu Ã§ok sevdi ve kusmadÄ±,neutral,0.7182646989822388
AlÄ±nÄ±r,neutral,0.9158371686935425
Yine her zamanki gibi Ã§ok hÄ±zlÄ± geldi. Eksiksiz ve taze geldi. YÄ±llardÄ±r aynÄ± firmadan alÄ±yorum Ã§ok memnunum,positive,0.9610376954078674
saÄŸolun hÄ±zlÄ±ydÄ±,neutral,0.47289350628852844
Kedim bayÄ±lÄ±yor,positive,0.4880504906177521
"Kedim buna bayÄ±ldÄ±, sÃ¼rekli alÄ±yorum.",positive,0.8816862106323242
Kedimiz seviyor,positive,0.5519918203353882
Bir kaÃ§ seferdir bittikce buradan alÄ±yorum mama kapalÄ± ve taze geliyor. Memnunum,positive,0.9058222770690918
Skt 05/26. Orjinal ve iyi paketlenmiÅŸ.,positive,0.6470375061035156
Kedim severek yedi ve bitmeden daha bÃ¼yÃ¼k paketini sipariÅŸ ettim,positive,0.7977696061134338
"skt 2026, teÅŸekkÃ¼rler.",positive,0.511618435382843
Ã¼rÃ¼n gÃ¼zel bir ÅŸekilde tarafÄ±ma gÃ¶nderildi son kullanma tarihi 2026 tarihli orijinal Ã¼rÃ¼n herkese tavsiye ederim.,positive,0.8386490345001221
Ã‡ok faydalÄ± tÃ¼y dÃ¶kÃ¼mÃ¼nÃ¼ azalttÄ±,positive,0.755282461643219
"15.01.2025 te aldÄ±m , 16.01 de geldi, skt si 2026, paketleme sorunsuz, teÅŸekkÃ¼rler",positive,0.8424801230430603
Dâ€™excellente qualitÃ©. A eu beaucoup de succÃ¨s!!,positive,0.933936357498169
"2 yÄ±ldÄ±r bu satÄ±cÄ±dan bu Ã¼rÃ¼nÃ¼ almaktayÄ±m. Paketleme, Ã¼rÃ¼nÃ¼n kalitesi, elime ulaÅŸmasÄ± Ã§ok Ã¶zenli ve hÄ±zlÄ± oldu. YalnÄ±zca 1 defa farklÄ± satÄ±cÄ±dan aldÄ±m yanlÄ±ÅŸlÄ±kla, gelen kum ile bu kumun alakasÄ± yoktu. Mevcut satÄ±cÄ±dan aldÄ±ÄŸÄ±mda hiÃ§ bÃ¶yle bir sorunla karÅŸÄ±laÅŸmadÄ±m. Kesinlikle Ã¶nerdiÄŸim bir Ã¼rÃ¼n. Tozutma neredeyse hiÃ§ yapmÄ±yor, kokusu hiÃ§ rahatsÄ±z etmiyor ve kedi dÄ±ÅŸkÄ±sÄ±nÄ±n kokusunu hemen hapsediyor. Benim kedilerim daha Ã¶nce kullandÄ±ÄŸÄ±m baÅŸka bir kumdan dolayÄ± sÃ¼rekli Ã¶ksÃ¼rdÃ¼ÄŸÃ¼, hapÅŸÄ±rdÄ±ÄŸÄ± ve neredeyse krize girdikleri iÃ§in bu Ã¼rÃ¼ne geÃ§iÅŸ yapmÄ±ÅŸtÄ±m. Bu Ã¼rÃ¼nÃ¼ kullanmaya baÅŸladÄ±ÄŸÄ±mdan beri bÃ¶yle bir durum tekrarlamadÄ±, Ã§ok memnunum ÅŸiddetle tavsiye ederim.",positive,0.9819313287734985
"Veterinerin tavsiyesi ile alerjik kedim iÃ§in tercih ettik, henÃ¼z deniyoruz bakalÄ±m.",neutral,0.825414776802063
Ã‡ok sayÄ±da marka denedik. Evercleanâ€™in muadili maalesef yok. Ã‡ok hÄ±zlÄ± ve mÃ¼kemmel topaklanÄ±yor. Ã‡amurlaÅŸma olmadÄ±ÄŸÄ±ndan kum max. seviyede temiz kalÄ±yor. Kokuyu hapsetmesi muazzam. Toz var ancak tolere edilecek kadar az. Tek eksisi fiyatÄ± zira diÄŸer kumlarla uÃ§urum bir fiyat farkÄ± var.,positive,0.8383506536483765
ÃœrÃ¼nÃ¼ yÄ±llardÄ±r kullanÄ±rÄ±m. Fakat Ã¼rÃ¼n Ã§ok kÃ¼Ã§Ã¼k partikÃ¼llÃ¼ ve tozlu kedimizin gÃ¶zleri kÄ±pkÄ±rmÄ±zÄ± oldu. HapÅŸÄ±rma gibi reaksiyonlar gÃ¶sterdi. Kum zaten o kadar tozlu ki bizi bile etkiledi. ÃœrÃ¼nÃ¼n sahte olduÄŸunu dÃ¼ÅŸÃ¼nÃ¼yorum. DiÄŸer aldÄ±ÄŸÄ±mÄ±z pakette aynÄ± ÅŸekilde Ã§Ä±ktÄ±. Amazon gibi firmanÄ±n satÄ±cÄ±larÄ±na daha da dikkat etmesi gerektiÄŸini dÃ¼ÅŸÃ¼nÃ¼yorum. Ä°ki paket kum resmen Ã§Ã¶p ama en Ã¶nemlisi kedim hasta oluyordu,negative,0.8651921153068542
"Ã–ncelikle, 7 senedir birkaÃ§ Ã§eÅŸit kum kullandÄ±ÄŸÄ±mÄ± sÃ¶ylemeliyim. Ä°lk kez bu markayÄ± aldÄ±m. Tahmin edersiniz ki, tercih etmeme sebebim fiyatÄ±ydÄ±. DeÄŸer mi diye hep dÃ¼ÅŸÃ¼nÃ¼yordum. Deneyimimi yazayÄ±m siz karar verin: YaklaÅŸÄ±k iki haftadÄ±r kullanÄ±yoruz kumu. Tuvaleti temizleme sÄ±klÄ±ÄŸÄ±m arttÄ±. Resmen ne gÃ¼zel temizleniyor diye keyif alarak gitmeye baÅŸladÄ±m. Daha Ã¶nceki bÃ¼tÃ¼n topaklanmalarÄ± unutun. Bir kez bile temizlik sonrasÄ±nda kum ya da dÄ±ÅŸkÄ± parÃ§acÄ±ÄŸÄ±nÄ±n, en ufak bir tanesinin daÄŸÄ±ldÄ±ÄŸÄ±nÄ±, kuma karÄ±ÅŸtÄ±ÄŸÄ±nÄ± gÃ¶rmedim. Hep tertemiz kalÄ±yor. Hem kedi hem sizin iÃ§in Ã§ok rahat ve iyi hissettiriyor bu durum. Tek eksisi bence (Litterfree Paws modeli iÃ§in sÃ¶ylÃ¼yorum), iddia edildiÄŸi gibi kumun dÄ±ÅŸarÄ± taÅŸmamasÄ±nÄ± tamamen engellemiyor. Evet gerÃ§ekten diÄŸer kumlara nazaran diÄŸer odalarda gÃ¶rdÃ¼ÄŸÃ¼m kum taneleri ciddi oranda azaldÄ±, ama hala az da olsa gÃ¶rÃ¼yorum. Yazarken eksi sayÄ±lÄ±r mÄ± bilemedim gerÃ§i. :)",positive,0.8936974406242371
"5 yÄ±ldÄ±r kedi bakan biri olarak piyasada neredeyse ÅŸans vermediÄŸim kum kalmadÄ±ÄŸÄ±nÄ± rahatlÄ±kla sÃ¶yleyebilirim ve aldÄ±ÄŸÄ±m her kumda mutlaka bir sorun vardÄ±; kimisi aÅŸÄ±rÄ± toz Ã§Ä±karÄ±yordu, kimisinde doÄŸru dÃ¼zgÃ¼n topak olmuyordu, kimisinde topaklarÄ± alÄ±rken topaklar daÄŸÄ±lÄ±yordu.Bu kumun fiyatÄ±nÄ± anlamsÄ±z derecede yÃ¼ksek bulduÄŸum iÃ§in daha Ã¶nce hiÃ§ denemedim. GeÃ§en meraktan bir satÄ±n alayÄ±m dedim ancak aÃ§Ä±kÃ§asÄ± sadece fiyatÄ± abartÄ±lÄ± ve diÄŸer kumlardan en fazla bir iki tÄ±k daha iyi bir ÅŸey olabileceÄŸini varsayÄ±yordum lakin Ã¶yle deÄŸilmiÅŸ.KullandÄ±ktan sonra gÃ¶rdÃ¼m ki bugÃ¼ne kadar denediÄŸim Ã§eÅŸitli fiyatlardaki diÄŸer bÃ¼tÃ¼n marka kedi kumlarÄ± bunun ancak getir gÃ¶tÃ¼rÃ¼nÃ¼ yapar. AÅŸaÄŸÄ±da kendimce artÄ± ve eksilerini yazdÄ±m ama okumak istemiyorsanÄ±z ÅŸÃ¶yle Ã¶zetleyeyim; alacak gÃ¼cÃ¼nÃ¼z varsa baÅŸka kuma bakmayÄ±n bunu alÄ±n. Daha iyisi yok.Prime kapsamÄ±nda, aldÄ±ÄŸÄ±m gÃ¼nÃ¼n ertesinde sorunsuz ve iyi bir ÅŸekilde teslim edildi.-Ã‡ok pahalÄ±. Ãœretim aÅŸamasÄ±nÄ± bilmiyorum ancak ortalama kumlara kÄ±yasla 3,5 kat daha pahalÄ± olmasÄ±nÄ±n sebebinin, rakipsiz olmasÄ±ndan ileri geldiÄŸini zannediyorum. Ä°leride bir gÃ¼n rakibi Ã§Ä±karsa belki fiyatÄ± dÃ¼ÅŸer ama onun haricinde dÃ¼ÅŸeceÄŸini sanmÄ±yorum.+SÄ±fÄ±r toz. DiÄŸer kumlardaki en bÃ¼yÃ¼k sorunlarÄ±mdan biri, hem ben kumu temizlerken hem de kediler eÅŸelenirken kumdan Ã§ok toz Ã§Ä±kmasÄ±ydÄ±. Bunda Ã¶yle bir ÅŸey yok, gerÃ§i eminin gÃ¶zle gÃ¶rÃ¼nmeyecek miktarda toz vardÄ±r ama diÄŸer markalardaki gibi burnunuzda hissettiÄŸiniz veya gÃ¶rdÃ¼ÄŸÃ¼nÃ¼z bir toz bulutu Ã§Ä±kartmÄ±yor.+Ä°nanÄ±lmaz topaklanma. Ä°drar topaklarÄ± bildiÄŸiniz kaya parÃ§asÄ± oluyor ve alÄ±rken parÃ§alanmÄ±yor. Hatta yanlÄ±ÅŸlÄ±kla kÃ¼rekle Ã§arpsanÄ±z bile parÃ§alanmÄ±yor, parÃ§alansa bile un ufak olmuyor bÃ¼yÃ¼k bir parÃ§a kopuyor dolayÄ±sÄ±yla kumun geri kalanÄ±nÄ± kirleterek belirli bir sÃ¼re sonra bÃ¼tÃ¼n kumu deÄŸiÅŸtirmenizi gerekli hÃ¢le getirmiyor. Bu kumla kum kabÄ±ndaki kumu ara sÄ±ra tamamen deÄŸiÅŸtirmeniz gerekmeyecek, Ã¼zerine ek yapmanÄ±z yetecek.+Koku hapsetmesi. Kum kaplarÄ± kapalÄ± balkonda olduÄŸu iÃ§in diÄŸer kumlarda da koku sorunu olmuyordu ancak kum kabÄ±na yaklaÅŸtÄ±ÄŸÄ±mda dÄ±ÅŸkÄ± kokusu az da olsa geliyordu, bunda Ã¶yle bir ÅŸey yok. Evinizde yer yoksa veya kum kaplarÄ±nÄ± kapalÄ± bir odada tutuyorsanÄ±z muhtemelen sizin iÃ§in Ã§ok avantaj saÄŸlayacaktÄ±r.+Tasarruflu topaklanma. DiÄŸer kumlarda idrar sonrasÄ± oluÅŸan topak bununkine kÄ±yasla 1,5 kat falan daha bÃ¼yÃ¼k oluyordu. Yani aynÄ± miktardaki diÄŸer kumlara gÃ¶re daha uzun gidecektir ama yine de bu, bu kumu fiyat aÃ§Ä±sÄ±ndan daha avantajlÄ± yapmÄ±yor.?Kumun eve taÅŸÄ±nmasÄ± konusuyla ilgili bir yorum yapamayacaÄŸÄ±m zira benim kum kaplarÄ±nÄ±n Ã¶nÃ¼nde, arkasÄ±nda, saÄŸÄ±nda ve solunda kum tutucu paspaslar var. Eski kumlarda da kediler eve pek kum taÅŸÄ±mÄ±yordu hÃ¢lihazÄ±rda ama yine de evde orada burada kum tanesi gÃ¶rÃ¼yordum fakat pek kayda deÄŸer bir miktar deÄŸildi. Bu kumu yeterince uzun sÃ¼re kullanmadÄ±ÄŸÄ±m iÃ§in bilemiyorum.?Kumun kokusu. Kum Ã§ok gÃ¼zel kokuyor, o kadar ki parfÃ¼mÃ¼ olsa kullanÄ±rÄ±m fakat ÅŸahsen tamamen kokusuz kum tercih ediyorum zira dediÄŸim gibi, kum kaplarÄ± evin iÃ§inde deÄŸil ve kedilerin bizimle aynÄ± hoÅŸ koku algÄ±sÄ±na sahip olmadÄ±ÄŸÄ± iÃ§in nÃ¶tr bir kum olmasÄ±nÄ± tercih ederdim. BaktÄ±ÄŸÄ±m kadarÄ±yla da Ever Clean bÃ¶yle bir seÃ§enek sunmuyoru.",negative,0.6627336144447327
"Merhaba. ÃœrÃ¼nÃ¼n paketlemesi kargodan teslim alÄ±rken saÄŸlamdÄ± ancak paketlemeyi aÃ§tÄ±ÄŸÄ±mÄ±zda Ã¼rÃ¼nÃ¼n karton kutusunun paketin iÃ§inde patlamÄ±ÅŸ ve kumun bir kÄ±smÄ±nÄ±n paketin iÃ§ine dÃ¶kÃ¼lmÃ¼ÅŸ olduÄŸunu gÃ¶rdÃ¼k. Muhtemelen kargoda taÅŸÄ±nÄ±rken olmuÅŸ diye dÃ¼ÅŸÃ¼ndÃ¼k. SonuÃ§ta Ã¼rÃ¼nÃ¼n kendisi Ã§ok iyi, sÃ¼rekli bunu kullanÄ±yoruz. Kedimiz de Ã§ok memnun.",neutral,0.7250298261642456
ÃœrÃ¼n Ã§ok iyi. Tavsiye ediyorum,positive,0.8306865692138672
"Ottimo prodotto, facile da pulire. Spedizione fatta con cura e veloce dal venditore",positive,0.962192714214325
davvero ottimo prodotto ad on ottimo prezzo,positive,0.9468865394592285
"I prefer the unscented, but this is the best brand of cat litter we've ever used. Unfortunately, it's often out of stock. It clumps well, has very little dust, and it masks odors wonderfully.",positive,0.6055247187614441
"La migliore sabbia per gatti che io abbia mai provato. Comoda da pulire perchÃ© si ""agglomera"" molto bene, gli odori sono catturati non so come...m sta di fatto che la lettiera con questa sabbia non puzza. E' sicuramente piÃ¹ cara di altre...ma comunque con 6l un mese ce lo fai COMODO (x 1 gatto) e non sentire odori...non ha prezzo.",positive,0.9672232270240784
Alltid nÃ¶jd med deras kattsand.,positive,0.8852320909500122
"Ä°lk defa bu Ã¼rÃ¼nÃ¼ aldÄ±m lezzetli bir kokusu ve gevrek bir gÃ¶rÃ¼nÃ¼mÃ¼ var mamanÄ±n yani Ã§erez gibi bir durumu var ve sitedeki ve siteye gelen Ã§oÄŸunluk kediler beÄŸendi,iki kaba Ã§Ä±kardÄ±m bir kap mamayÄ±,bir buÃ§uk kiloluk tava yoÄŸurt kaplarÄ±nda veriyorum ve beÅŸ litrelik su ÅŸiÅŸesinin yarÄ±sÄ±nÄ± kesip suda veriyorum,aslÄ±nda Ã§eÅŸme suyunu genellikle beÄŸenmiyorlar,ben de iÅŸyerindeki damacana sudan boÅŸ bir kola ÅŸiÅŸesine doldurup su kaplarÄ±na dolduruyorum ve hazÄ±r suyu Ã§ok seviyorlar : ) nerdeyse bitiriyorlar.Bu mamanÄ±n yenilenmemiÅŸ olan ambalajlÄ± olanÄ± gÃ¶nderildi ve kediler Ã§ok sevdi bu mamayÄ±.",positive,0.8150947690010071
GÃ¼zel Ã¼rÃ¼n ev kedilerime alÄ±yorum seviyorlar.,positive,0.7936196327209473
"Sokak kedileri iÃ§in aldÄ±k. HiÃ§biri Ã§ok fazla yemediler, iÃ§inde tam olarak ne olduÄŸunu anlamadÄ±k.",neutral,0.6505199074745178
AmbalajÄ± deÄŸiÅŸtirmiÅŸler ÅŸirin olmuÅŸ.,negative,0.9204851984977722
HÄ±zlÄ± kargo. Sokak kedileri iÃ§in aldÄ±m seviyorlar.,positive,0.8630005717277527
Sokaktaki dostlarÄ±mÄ±z iÃ§in aldÄ±m ama gÃ¶rdÃ¼ÄŸÃ¼m kadarÄ±yla kuzu etliyi yerken iki kez dÃ¼ÅŸÃ¼nÃ¼yorlar. Nedenini bilmiyorum. Birde tavuk ve balÄ±klÄ±yÄ± deneyeceÄŸim. (onu da yemediler),neutral,0.594826340675354
fiyat performans olarak bakarsan idare eder yoksa kaliteli bir mama deÄŸil sokak canlarÄ± iÃ§in mecburen ucuz olduÄŸu iÃ§in alÄ±yorum,neutral,0.8470980525016785
ÃœrÃ¼n ambalajÄ± saÄŸlam,neutral,0.6849559545516968
Kedim Ã§ok severek yiyor kaliteli bir Ã¼rÃ¼n biraz araÅŸtÄ±rÄ±rsanÄ±z bu markanÄ±n Ã¶zelliklerini Ã¶ÄŸrenebilirsiniz Ã§ok kaliteli,positive,0.8057653307914734
"BÃ¼tÃ¼n Ä±slaklarÄ± denedik, tuvaletinde koku bÄ±rakmamasÄ± ve en iÅŸtahlÄ± ÅŸekilde yemesi sebebiyle somonlu favorimiz.",positive,0.8284674882888794
fiyat ve kalite Ã§ok iyi,positive,0.8001813888549805
Kedimiz biraz seÃ§ici olduÄŸu iÃ§in Ã§ok sevmedi. Ama iÃ§erik olarak iyi bir mama olduÄŸunu duymuÅŸtum.,neutral,0.9016868472099304
Kedime ilk zamanlar baÅŸka bir marka mama almÄ±ÅŸtÄ±m. Sonra bunu keÅŸfettim. Kediler malum Ã§ok seÃ§iciler. Bunu aldÄ±m ve baÅŸka bir mama almayÄ± dÃ¼ÅŸÃ¼nmÃ¼yorum. DiÄŸer mamalardan kedim gÃ¼nde 3 tane yedikten sonra kuru mama yemeye devam ediyordu. Bundan iki tane yetiyor. Hem gramajÄ± da yÃ¼ksek,positive,0.9252630472183228
Kedim Ã§ok severek yedi,positive,0.5425910353660583
Kedi tabaÄŸÄ± yalÄ±yor o kadar yani ğŸ˜,positive,0.6706361174583435
Kedim seviyor,neutral,0.6331210732460022
Perfecto,positive,0.9004970192909241
Super Lieferung und meine Fellkinder haben es geliebt,positive,0.858862578868866
OÄŸlum Ã§ok seviyor ve gÃ¼venle kullanÄ±yoruz. Gimcatâ€™ten baÅŸka hiÃ§bir malt macunundan tam performans alamadÄ±m. O kadar Ã§ok denedim kiâ€¦ Åifa olsun bÃ¼tÃ¼n minnoÅŸlara,positive,0.892080545425415
Kedim Pablo Ã§ok seviyor Ã§ok hÄ±zlÄ± gÃ¶nderdiniz Ã§ok teÅŸekkÃ¼r ederim,positive,0.8754327297210693
TeÅŸekkÃ¼rler,neutral,0.5989256501197815
"Miktar, fiyat, her ÅŸey gayet iyi. Kediniz baÅŸta sevmeyebilir, mamaya karÄ±ÅŸtÄ±rÄ±n, sonra alÄ±ÅŸÄ±r",positive,0.8509315252304077
2 tÃ¼pÃ¼ bitirdik kedim bayÄ±larak yiyor,positive,0.8709061145782471
Kedilerim severek yiyor.,neutral,0.5689846873283386
"Tek yÄ±ldÄ±zÄ± paket iÃ§in kÄ±rdÄ±m, maltlarÄ±n kutularÄ± paketten ezik ve daÄŸÄ±nÄ±k Ã§Ä±ktÄ±",negative,0.936290442943573
kedilerim seÃ§icidir.baÅŸka marka yemiyorlar,neutral,0.7975194454193115
"Al mio gatto piace moltissimo, appena lo metto sul dito viene a le carlo!",positive,0.9310091137886047
"Justo lo que necesitaba, aunque algo cara en relaciÃ³n con el tamaÃ±o",positive,0.7670381665229797
"Es muy buena malta, la menÃº utilizando hace aÃ±os pata mÃ­a gatos y les va muy bien y les encanta, yo la conocÃ­ por recomendaciÃ³n de mi veterinario, es mÃ¡s en esta ocasiÃ³n , puse en Amazon la direcciÃ³n a mi tÃ­a que es de Galicia que si gatita es de pelo largo y estÃ¡ teniendo problemas de bolas de pelo,.Le agradezco a Amazon en envÃ­o a Lugo, le llegÃ³ hoy lunes como indicaron mi tÃ­a me llamÃ³ el cuanto la recibiÃ³, estaba muy contenta xq es mallor y no sabe hacer pedidos por Internet.Gracias Amazon.",positive,0.8185420632362366
"The product is awesome however Amazon delivered me a product already expired and i requested a replacement, again the product was expired. Such a shame that i cannot even reach the call center regarding this issue as it already is considered replaced. 1 star",negative,0.8415064811706543
"Menuda decepciÃ³n, es sÃºper pequeÃ±o",negative,0.9618840217590332
